{
  "baseline_15_seeds": {
    "total_exited": 193.933,
    "throughput_per_step": 0.388,
    "avg_wait_steps": 158.486,
    "avg_max_congestion_len": 179.991
  },
  "rule_based_15_seeds": {
    "total_exited": 201.933,
    "throughput_per_step": 0.404,
    "avg_wait_steps": 157.055,
    "avg_max_congestion_len": 128.404
  },
  "ppo_15_seeds": {
    "total_exited": 264.8,
    "throughput_per_step": 0.53,
    "avg_wait_steps": 135.943,
    "avg_max_congestion_len": 168.938
  },
  "deltas_ppo_vs_baseline": {
    "throughput_pct": 36.6,
    "wait_pct": -14.22,
    "congestion_pct": -6.14
  },
  "deltas_ppo_vs_rule": {
    "throughput_pct": 31.19,
    "wait_pct": -13.44,
    "congestion_pct": 31.57
  },
  "ppo_action_distribution": {
    "off": 0,
    "cap3": 0,
    "cap2": 316,
    "cap1": 0,
    "full_stop": 184
  },
  "training": {
    "total_timesteps": 150000,
    "algorithm": "PPO",
    "library": "Stable-Baselines3",
    "entropy_coef": 0.05,
    "learning_rate": 0.0003,
    "eval_curve_episodes": [
      10,
      20,
      30,
      40,
      50,
      60,
      70,
      80,
      90,
      100,
      110,
      120,
      130,
      140,
      150,
      160,
      170,
      180,
      190,
      200,
      210,
      220,
      230,
      240,
      250,
      260,
      270,
      280,
      290,
      300
    ],
    "eval_curve_throughput": [
      0.38839999999999997,
      0.3856,
      0.38360000000000005,
      0.386,
      0.388,
      0.3844,
      0.39519999999999994,
      0.3804,
      0.39519999999999994,
      0.39519999999999994,
      0.39519999999999994,
      0.39519999999999994,
      0.39519999999999994,
      0.39239999999999997,
      0.48440000000000005,
      0.41479999999999995,
      0.5396000000000001,
      0.5468,
      0.37439999999999996,
      0.3907999999999999,
      0.4324,
      0.41479999999999995,
      0.45599999999999996,
      0.5227999999999999,
      0.5316000000000001,
      0.5352,
      0.4032,
      0.5391999999999999,
      0.5424,
      0.5424
    ],
    "eval_curve_wait": [
      163.12400000000002,
      163.446,
      162.85999999999999,
      163.702,
      160.81599999999997,
      157.09599999999998,
      158.89800000000002,
      161.6,
      158.89800000000002,
      158.89800000000002,
      158.89800000000002,
      158.89800000000002,
      158.89800000000002,
      159.514,
      136.33599999999998,
      155.654,
      129.098,
      129.158,
      169.36999999999998,
      159.248,
      148.376,
      154.96800000000002,
      141.76,
      129.85399999999998,
      132.968,
      128.448,
      160.092,
      128.392,
      129.68400000000003,
      129.108
    ],
    "eval_curve_congestion": [
      180.0,
      180.0,
      180.0,
      180.0,
      180.0,
      180.0,
      179.842,
      179.998,
      179.842,
      179.842,
      179.842,
      179.842,
      179.842,
      180.0,
      180.0,
      179.8,
      158.072,
      124.37600000000002,
      180.0,
      180.0,
      180.0,
      180.0,
      180.0,
      170.584,
      154.002,
      105.94800000000001,
      180.0,
      94.22,
      163.17600000000002,
      162.906
    ]
  },
  "simulator_config": {
    "road_length": 250,
    "n_lanes": 3,
    "bottleneck_start": 180,
    "v_max": 5,
    "p_slow": 0.25,
    "arrival_rate": 0.75,
    "n_steps": 500
  }
}